user_id,text_id,pred_valence,pred_arousal
3,256,0.685381293296814,0.455357164144516
3,257,1.0764468908309937,0.635854184627533
3,258,1.618728756904602,0.5031696557998657
3,249,1.8609399795532227,0.8396399021148682
3,250,0.901328980922699,0.5431786179542542
5,290,-0.7264618277549744,0.793034553527832
5,291,-1.2850565910339355,0.8242474794387817
5,292,0.4203794598579407,0.8130671381950378
5,293,-0.06916889548301697,1.157590627670288
5,294,-1.9821937084197998,1.287550687789917
5,295,-1.6963335275650024,1.676499366760254
5,296,-1.6014177799224854,1.0944905281066895
5,297,0.3220396637916565,1.8966217041015625
5,298,0.4050704836845398,1.0804519653320312
5,299,0.5361725687980652,1.1370110511779785
5,300,0.6341661810874939,1.1637463569641113
5,301,0.7255746126174927,0.6254467964172363
7,349,0.5888765454292297,0.560492753982544
7,350,0.15238697826862335,0.531827449798584
9,390,-0.5896512866020203,0.7749409675598145
9,391,0.6447367072105408,0.9015517234802246
9,392,0.6684000492095947,1.1317849159240723
9,393,0.9752092957496643,0.9079591035842896
9,394,1.475253701210022,1.1538739204406738
10,411,0.8357582688331604,0.23604533076286316
10,412,1.0662801265716553,0.32643160223960876
10,413,0.9556946754455566,0.424134224653244
12,575,0.036927904933691025,0.842373251914978
12,576,1.647038459777832,0.8463197350502014
12,577,0.546596109867096,0.7059600949287415
13,607,-0.8490914106369019,-0.04715723916888237
13,608,-0.402679443359375,0.3113555312156677
13,609,0.47720420360565186,0.31970569491386414
13,610,-0.3043329119682312,1.0403902530670166
13,611,0.4438382387161255,1.238460659980774
13,612,-0.041347503662109375,1.2633318901062012
13,613,0.18433788418769836,1.2930973768234253
13,614,0.3549153804779053,1.1770108938217163
13,615,0.44777119159698486,1.2860321998596191
13,616,0.900706946849823,0.9282629489898682
13,617,1.1780033111572266,0.934100329875946
13,618,1.369112491607666,0.9226244688034058
17,1090,0.011498704552650452,0.535375714302063
17,1091,0.06078115105628967,0.621978223323822
17,1092,-0.12663650512695312,0.41238608956336975
17,1093,0.0370706170797348,0.4809402525424957
17,1094,0.7392051815986633,1.280716896057129
17,1095,0.2338436394929886,1.099292516708374
17,1096,0.7323413491249084,1.17510986328125
17,1097,0.9159554243087769,1.0513455867767334
17,1098,-0.052307263016700745,0.716155469417572
17,1062,-0.6457856893539429,0.5053516626358032
17,1063,-0.6858683228492737,0.5141584873199463
17,1064,-0.47662079334259033,0.4480287432670593
17,1065,0.7172883749008179,0.8097943663597107
17,1066,-0.8735644221305847,0.5971572399139404
17,1067,0.4383699893951416,0.9461200833320618
17,1068,-0.6819960474967957,0.7963096499443054
17,1069,0.3540803790092468,0.6958341598510742
17,1070,-0.26235926151275635,0.7298272252082825
17,1071,0.42293792963027954,0.7418662309646606
17,1072,0.6061843633651733,0.7120447754859924
17,1073,-0.9663378596305847,0.4053143560886383
17,1074,-0.42589664459228516,0.7930792570114136
17,1115,-1.0448718070983887,0.3776954114437103
17,1116,-0.5017493963241577,0.7592048645019531
17,1117,-0.1904018223285675,0.5674310326576233
17,1118,-0.3543485999107361,0.7248415946960449
17,1119,0.5250324606895447,0.5936950445175171
17,1120,0.21090742945671082,0.5540634393692017
17,1121,0.20250365138053894,0.48537400364875793
17,1122,0.6089600920677185,0.6651724576950073
17,1123,-0.19243593513965607,0.4850427210330963
17,1124,1.2708144187927246,1.0111198425292969
17,1125,0.28490209579467773,0.9629383087158203
17,1126,0.5958545804023743,1.057399034500122
17,1127,0.4333323836326599,0.8581534028053284
17,1128,0.6590036749839783,0.9486727714538574
17,1129,1.5479962825775146,1.0946979522705078
17,1130,0.2113407701253891,0.7675102949142456
17,1131,0.5957038998603821,0.8188335299491882
17,1132,1.060908555984497,0.7113788723945618
17,1133,0.06704840064048767,0.5386716723442078
17,1134,0.5829316973686218,0.4977249205112457
17,1135,0.2889547348022461,0.600898027420044
17,1136,0.018834605813026428,0.24281170964241028
17,1137,0.7926249504089355,0.20910996198654175
17,1138,1.2736284732818604,0.2965642511844635
17,1139,-0.027195796370506287,0.41426023840904236
17,1099,0.8710631728172302,0.4157281816005707
17,1100,1.0825426578521729,0.5045002698898315
17,1101,0.51707923412323,0.4806710183620453
17,1102,0.9190282225608826,0.5627611875534058
17,1103,-0.07601508498191833,0.3726434111595154
17,1104,1.1777129173278809,0.6220600008964539
17,1105,0.9716283082962036,0.45690885186195374
17,1106,0.37440764904022217,0.30188849568367004
17,1107,-0.8492204546928406,0.10627327859401703
17,1108,0.26347875595092773,0.39299172163009644
17,1109,0.3419685959815979,0.45962151885032654
17,1110,0.49012595415115356,0.5882031321525574
17,1111,-0.06998167932033539,0.8115559816360474
17,1112,0.39094167947769165,0.7486615777015686
17,1113,-0.0430588573217392,0.3091108202934265
17,1114,0.19733446836471558,0.5219335556030273
17,1155,-0.1685323417186737,0.3582629859447479
17,1156,0.5673057436943054,0.5143182277679443
17,1157,0.6362276673316956,0.554362416267395
17,1158,1.3557090759277344,0.4037837088108063
17,1159,1.204892635345459,0.45336613059043884
17,1160,0.37960970401763916,0.3316076099872589
17,1161,-0.21583856642246246,0.468026727437973
17,1162,-0.03487496078014374,-0.0034665055572986603
17,1163,-0.22933028638362885,-0.021131504327058792
17,1164,0.15167148411273956,0.47259554266929626
17,1165,-0.2326633334159851,0.6912986040115356
17,1166,0.6667000651359558,0.6903245449066162
17,1167,0.4267663359642029,0.6531250476837158
17,1168,1.1435468196868896,0.9167748689651489
17,1169,0.7765085101127625,0.6533936858177185
17,1170,-0.01818123459815979,0.6217990517616272
17,1171,0.4745050072669983,0.484639436006546
17,1172,0.16909275949001312,0.31172803044319153
17,1173,0.49049878120422363,0.5407413840293884
17,1174,0.517520010471344,0.47001615166664124
17,1175,0.6763150095939636,0.7028442025184631
17,1176,0.7752520442008972,0.7785369157791138
17,1177,-0.5197578072547913,0.6183396577835083
17,1178,0.80894535779953,0.6183949708938599
17,1179,1.2138230800628662,0.41651275753974915
17,1180,0.13184110820293427,0.1527642011642456
17,1181,0.9521104693412781,0.4727177321910858
17,1140,0.359588623046875,0.47402188181877136
17,1141,1.3455150127410889,0.8597710132598877
17,1142,0.39002710580825806,0.8213026523590088
17,1143,0.8665496706962585,0.8071291446685791
17,1144,0.9435353875160217,0.69123375415802
17,1145,0.6859812140464783,0.42319998145103455
17,1146,-0.15215559303760529,0.6480140089988708
17,1147,-0.5331573486328125,0.5820319652557373
17,1148,-0.7275187373161316,0.8274794220924377
17,1149,0.6096692681312561,1.1003496646881104
17,1150,-0.1709529161453247,0.9096263647079468
17,1151,0.5246303081512451,0.8625202178955078
17,1152,1.043765902519226,1.1512261629104614
17,1153,1.037322998046875,0.968612551689148
17,1154,0.8001180291175842,0.7916324138641357
18,1302,1.5125600099563599,0.881289541721344
18,1303,1.6674737930297852,0.5706813335418701
18,1304,1.826420783996582,0.41867247223854065
18,1286,1.7730286121368408,0.7513834238052368
18,1287,2.0717363357543945,0.5047484040260315
18,1288,2.165613889694214,0.6157008409500122
18,1289,2.0546915531158447,0.8616621494293213
18,1290,2.050553321838379,0.6028167009353638
18,1291,2.09403395652771,0.5213786363601685
19,1313,-0.0864165872335434,0.9213954210281372
19,1314,-0.7528426051139832,0.6032017469406128
19,1315,-0.9080312252044678,0.566635251045227
19,1316,-0.4036574959754944,0.2467629611492157
20,1319,0.39832210540771484,0.828360915184021
20,1320,1.083011269569397,0.6750519275665283
22,1328,-0.4224541187286377,0.868069052696228
22,1329,-0.09955908358097076,1.1259289979934692
22,1330,-1.1138097047805786,0.8187720775604248
22,1331,-1.1315150260925293,0.6765226125717163
22,1332,1.0916532278060913,0.8362789154052734
22,1327,-0.7185364961624146,1.0804375410079956
23,1348,-0.4429422616958618,0.6171715259552002
23,1336,0.537757933139801,0.7148425579071045
23,1337,-0.16330920159816742,0.758046567440033
23,1338,-0.05385451018810272,0.8238152861595154
23,1339,0.6273934245109558,0.9904578924179077
23,1340,0.5751785635948181,0.8360306024551392
24,1415,-0.5407366752624512,0.6654183268547058
24,1416,-0.5777046084403992,0.6681967377662659
24,1417,-0.03429632633924484,0.9056611657142639
24,1418,-0.2975337505340576,1.0605216026306152
25,1490,1.009840726852417,0.6814211010932922
25,1491,0.7515769004821777,0.4046134054660797
33,2209,-0.04992794618010521,0.515076756477356
33,2210,0.21350955963134766,0.5445884466171265
33,2211,-0.9122828841209412,0.2843540608882904
33,2212,-0.2698938846588135,0.4188533127307892
33,2213,-0.9370102286338806,0.11046268045902252
33,2214,-0.8340330719947815,0.2409314215183258
33,2215,-1.3474807739257812,-0.009201299399137497
33,2176,0.20702683925628662,0.048634741455316544
33,2177,0.40684252977371216,-0.010157238692045212
33,2178,1.395596981048584,0.55189049243927
33,2179,0.681644856929779,0.4629419445991516
33,2180,-0.9657209515571594,0.25394073128700256
33,2181,-0.22673948109149933,0.43250784277915955
33,2182,-0.3804739713668823,0.5645536184310913
33,2183,0.03692341223359108,0.7165639996528625
33,2184,-0.5136504173278809,0.7198163866996765
33,2185,-0.09583404660224915,0.5854673981666565
33,2186,-0.6089920401573181,0.6469907760620117
33,2187,-0.7297500967979431,0.4877530634403229
33,2188,-0.6268730759620667,0.12022069096565247
33,2189,-1.0488241910934448,0.4737851917743683
33,2190,-1.3461544513702393,0.4143666923046112
33,2191,-0.3231949210166931,0.6627353429794312
33,2192,-1.2780272960662842,0.9103666543960571
33,2233,-1.0910428762435913,0.7585732936859131
33,2234,-1.5226035118103027,0.4140724837779999
33,2235,-1.091442346572876,0.6002252101898193
33,2236,-1.2841031551361084,0.3845854699611664
33,2237,-1.0826106071472168,0.4655616879463196
33,2238,-1.024165391921997,0.4095074534416199
33,2239,-1.3405407667160034,0.4893953502178192
33,2240,-0.8777204155921936,0.5871411561965942
33,2241,0.012335032224655151,0.5349758863449097
33,2242,-1.127256989479065,0.628585696220398
33,2243,0.05289756506681442,0.8278917074203491
33,2244,-0.48250114917755127,0.6028875708580017
33,2245,-0.3210742473602295,0.7270995378494263
33,2246,-0.9901225566864014,0.4970632493495941
33,2247,-1.1519033908843994,0.4511202871799469
33,2248,-0.9285328984260559,0.5486977100372314
33,2249,0.1295090764760971,0.5774635076522827
33,2250,-0.8234463334083557,0.6606454849243164
33,2251,-1.0103446245193481,0.5874873995780945
33,2252,-1.0454643964767456,0.7680256366729736
33,2253,-0.7681154608726501,0.6523659229278564
33,2254,-0.8951167464256287,0.5419653654098511
33,2255,-1.0029733180999756,0.7237920761108398
33,2256,-1.0647342205047607,0.5879461765289307
33,2216,-0.8070023655891418,0.5565711259841919
33,2217,-0.8315452337265015,0.7166279554367065
33,2218,0.6888766884803772,0.2746216654777527
33,2219,-1.0723137855529785,0.7094352841377258
33,2220,-0.6294692754745483,0.805469810962677
33,2221,-0.6326306462287903,0.8821609020233154
33,2222,-0.8670350909233093,0.9862334728240967
33,2223,-0.4905911087989807,0.9938305616378784
33,2224,-0.639999508857727,0.8206539154052734
33,2225,-0.4961567521095276,0.5734596252441406
33,2226,-0.8621717095375061,0.5210421681404114
33,2227,-0.9552164673805237,0.4420374035835266
33,2228,-0.8422428965568542,0.5560749769210815
33,2229,-0.44338226318359375,0.9110980033874512
33,2230,-0.4047151803970337,0.8531386852264404
33,2231,-0.42660754919052124,0.731609582901001
33,2232,-0.5805748701095581,0.5855591297149658
33,2272,-0.3700832724571228,0.5576908588409424
33,2273,-0.42150598764419556,0.7195810675621033
33,2274,-0.4946911931037903,0.8880505561828613
33,2275,-0.5947266221046448,0.9123629331588745
33,2276,-0.4918583631515503,0.8142619729042053
33,2277,-0.8342027068138123,0.547700047492981
33,2278,-0.6183802485466003,0.5720657110214233
33,2279,-0.6786209940910339,0.7392921447753906
33,2280,-1.147157073020935,0.7090511918067932
33,2281,-1.2882764339447021,0.48666253685951233
33,2282,-0.015921488404273987,0.42264625430107117
33,2283,-0.4275883436203003,0.13467983901500702
33,2284,-0.934370756149292,0.20288722217082977
33,2285,-1.3170039653778076,0.6147840023040771
33,2286,-1.1691486835479736,0.6106835007667542
33,2287,-0.528139054775238,0.46887943148612976
33,2288,-1.3587455749511719,0.7942110300064087
33,2289,-0.2966180443763733,0.3942802846431732
33,2290,0.04584264010190964,0.343366414308548
33,2291,-1.0660701990127563,0.6082049608230591
33,2292,-0.06547795236110687,0.29588648676872253
33,2293,-1.1443650722503662,0.6079620122909546
33,2294,-0.9036960005760193,0.22813183069229126
33,2295,-1.3080854415893555,0.41350477933883667
33,2296,-1.3238263130187988,0.27541384100914
33,2297,-1.362607717514038,0.2087693214416504
33,2298,-1.1046397686004639,0.1326465755701065
33,2257,-1.1503489017486572,0.1750914752483368
33,2258,-1.0546209812164307,0.3745642304420471
33,2259,-0.9631573557853699,0.5107636451721191
33,2260,-0.8088836073875427,0.26708292961120605
33,2261,-0.6453866362571716,0.25509098172187805
33,2262,-0.39766955375671387,0.3138990104198456
33,2263,-0.32025599479675293,0.3819495141506195
33,2264,-0.2231314480304718,0.2760067284107208
33,2265,-0.007158190011978149,0.46688130497932434
33,2266,-0.04261995106935501,0.6147478818893433
33,2267,-0.44353026151657104,0.8149409294128418
33,2268,-0.7768873572349548,0.26606616377830505
33,2269,-0.1052214652299881,0.3710051476955414
33,2270,-1.0051419734954834,0.3770410716533661
33,2271,-0.7741283774375916,0.6196208000183105
34,2367,-0.6085630655288696,0.6072035431861877
35,2410,0.13748465478420258,1.206005334854126
35,2411,0.8230363726615906,0.8145039081573486
37,2548,0.3800438642501831,0.6072773337364197
37,2549,0.9655775427818298,0.6726831197738647
37,2550,-0.6998921632766724,0.5105197429656982
37,2551,1.2710139751434326,0.9823267459869385
37,2552,0.5465455651283264,1.3863171339035034
37,2553,-0.2100839465856552,1.2453491687774658
37,2554,-0.07688003778457642,1.1176825761795044
37,2555,0.2700038552284241,0.9189165830612183
37,2556,-0.3435658812522888,0.9733846187591553
37,2557,0.3570374846458435,1.0184905529022217
37,2558,-0.1127328872680664,0.7948013544082642
37,2559,1.5610599517822266,0.8579977750778198
37,2560,0.7976545095443726,0.9834353923797607
37,2561,0.40821975469589233,0.6882244348526001
37,2562,0.12481769919395447,0.6459304094314575
37,2563,0.39587628841400146,0.7741120457649231
37,2564,1.4213552474975586,1.0479727983474731
37,2565,0.8347354531288147,0.860912561416626
42,3830,0.4455171227455139,0.22313567996025085
42,3831,0.6496103405952454,0.8105787634849548
42,3832,1.390566349029541,0.8511128425598145
42,3833,0.6700544357299805,0.3708031177520752
43,3994,-0.00039402395486831665,0.42895957827568054
43,3995,0.06174065172672272,0.53665691614151
43,3988,0.06963574141263962,0.770566463470459
43,3989,0.1036798506975174,1.15848970413208
48,4821,-0.5732250809669495,0.5569304823875427
48,4822,1.0021650791168213,0.8128325939178467
48,4823,-0.6948264837265015,0.5911189913749695
49,4873,0.2546617388725281,1.0438426733016968
49,4874,0.05339391529560089,0.5147616863250732
49,4875,-0.24743300676345825,0.5925650596618652
49,4876,-1.104425311088562,0.46682146191596985
49,4878,-1.2905969619750977,0.4686042368412018
49,4879,0.2950180172920227,1.4009215831756592
49,4880,-1.6503647565841675,0.3259548246860504
49,4881,0.03494720533490181,0.7734200954437256
49,4882,0.6390976309776306,1.1411957740783691
49,4883,0.690550684928894,0.8901004195213318
49,4884,0.5910387635231018,1.0633971691131592
49,4885,0.6960076689720154,1.328770637512207
49,4877,0.10929577052593231,0.6371538639068604
49,4887,-0.35445964336395264,0.4163239300251007
49,4888,-1.8298532962799072,0.3607330024242401
49,4889,-0.5418692231178284,0.7972592115402222
49,4890,-1.101908564567566,1.0805103778839111
49,4891,-0.9872543811798096,0.8380916118621826
49,4892,-1.691827654838562,0.7463099956512451
49,4893,-1.7736923694610596,0.31291356682777405
49,4886,-2.160978078842163,0.10622690618038177
49,4905,-2.099637269973755,0.3263351023197174
49,4906,-0.764690101146698,0.3401033282279968
49,4907,0.14473052322864532,1.49916410446167
49,4908,-0.7025371193885803,1.5186588764190674
49,4909,0.7975072860717773,1.7116411924362183
49,4910,0.1383485049009323,0.560249924659729
49,4911,-0.07264447212219238,0.7004891633987427
49,4912,-0.7230554223060608,0.6967315673828125
49,4913,1.0244414806365967,0.5426774024963379
49,4914,0.5268745422363281,1.3813598155975342
49,4915,-0.9115719199180603,0.4063059389591217
49,4916,-1.018611192703247,0.1572200208902359
49,4917,-1.2432560920715332,0.5284756422042847
49,4918,-0.20874054729938507,1.5370304584503174
49,4919,-0.001566082239151001,2.270476818084717
49,4920,0.19881640374660492,1.6815298795700073
49,4894,0.5212539434432983,0.836755633354187
49,4895,-1.0072474479675293,0.4022635519504547
49,4896,-0.7356455326080322,0.1326216161251068
49,4897,0.4521161913871765,0.661552906036377
49,4898,-1.3551230430603027,0.4345453679561615
49,4899,1.339191198348999,1.5697541236877441
49,4900,0.4562138319015503,1.695479154586792
49,4901,0.20035697519779205,0.9465495347976685
49,4902,-0.31196683645248413,0.6316237449645996
49,4903,-0.03279208391904831,1.342905044555664
49,4904,-0.7334153056144714,0.11467191576957703
49,4932,1.1289517879486084,1.042583703994751
49,4933,-0.5487879514694214,0.4482148289680481
49,4934,1.046699047088623,1.0549490451812744
49,4935,0.6487755179405212,1.952614188194275
49,4936,0.9916113018989563,1.3540513515472412
49,4937,-0.33820462226867676,1.0672519207000732
49,4938,-0.600483238697052,0.3521903157234192
49,4939,-0.33086180686950684,0.9009755849838257
49,4940,0.0924326553940773,1.1096906661987305
49,4941,-1.4486831426620483,0.14782999455928802
49,4942,-0.8228254914283752,0.7752577066421509
49,4943,-0.942277729511261,0.8691573143005371
49,4944,-0.27277958393096924,0.7366161346435547
49,4945,-1.3667391538619995,0.4405549466609955
49,4946,-0.05727086216211319,0.491203635931015
49,4947,0.06162157654762268,0.7737427949905396
49,4948,0.5849315524101257,1.0842688083648682
49,4949,0.7639102935791016,1.7588832378387451
49,4950,0.5054527521133423,1.475409984588623
49,4951,0.04893036186695099,1.4381213188171387
49,4952,-1.1856285333633423,0.3162761926651001
49,4953,0.2983986735343933,1.2327394485473633
49,4954,-1.6609668731689453,-0.09728389978408813
49,4921,-1.2162723541259766,0.22467485070228577
49,4922,-1.0204030275344849,1.1025011539459229
49,4923,0.039000656455755234,0.8077816963195801
49,4924,-0.29641419649124146,0.3767402470111847
49,4925,-1.0560460090637207,0.5348060131072998
49,4926,0.09641784429550171,1.0969572067260742
49,4927,-0.44315463304519653,0.8425726294517517
49,4928,0.2087702602148056,0.9168487787246704
49,4929,1.5562701225280762,0.7007300853729248
49,4930,0.2439962476491928,0.6327751874923706
49,4931,-0.9058615565299988,0.39062586426734924
53,5224,1.2902677059173584,1.167258858680725
53,5225,1.1099092960357666,1.7492116689682007
53,5226,-0.6944700479507446,0.8338868618011475
53,5227,0.3800498843193054,1.412546157836914
53,5228,1.4216505289077759,0.8159343004226685
53,5229,1.587188959121704,0.44192877411842346
53,5245,1.3553814888000488,0.501600980758667
53,5246,1.7915611267089844,0.7890219688415527
53,5247,1.7280535697937012,1.3949273824691772
53,5248,0.5200333595275879,0.17643067240715027
53,5249,2.240497350692749,0.574657678604126
53,5250,1.461815357208252,0.6140537261962891
53,5251,0.12665046751499176,0.6868038177490234
53,5252,1.1121982336044312,1.455033540725708
53,5253,0.5073522925376892,0.29616376757621765
53,5254,2.0074689388275146,-0.06218241900205612
53,5255,1.0178167819976807,0.33990663290023804
53,5256,2.224133253097534,1.167543649673462
53,5257,2.031674385070801,0.9470242261886597
53,5258,1.1613284349441528,1.4487885236740112
53,5259,1.463477611541748,1.12559175491333
53,5260,1.7522624731063843,1.1815686225891113
53,5261,1.8451581001281738,1.0571503639221191
53,5262,1.7927873134613037,0.33644282817840576
53,5263,1.2226731777191162,0.28968098759651184
53,5230,0.2766239047050476,0.4291215240955353
53,5231,0.14153188467025757,0.9870988130569458
53,5232,0.32489609718322754,0.735180675983429
53,5233,-0.4785490036010742,0.86577969789505
53,5234,0.3608565926551819,1.4643313884735107
53,5235,1.2111321687698364,0.7036163210868835
53,5236,0.6651530861854553,0.2604481279850006
53,5237,0.2376866191625595,0.40867793560028076
53,5238,-0.7540468573570251,0.5168736577033997
53,5239,1.468862771987915,1.6744287014007568
53,5240,1.9354233741760254,0.7819697856903076
53,5241,1.8086121082305908,1.199089527130127
53,5242,0.11237834393978119,0.3244175612926483
53,5243,-0.45553648471832275,0.5231121778488159
53,5244,1.608683705329895,0.46480417251586914
54,3540,1.9268878698349,1.3915894031524658
54,3644,1.2435905933380127,1.7094392776489258
54,3725,1.4576003551483154,1.4570194482803345
54,3834,1.165463924407959,1.4869675636291504
54,3913,0.5090470910072327,0.9023517370223999
54,4016,1.1555988788604736,1.139829397201538
54,4077,1.422135591506958,0.8822290897369385
54,4164,1.7493643760681152,0.5576670169830322
54,4228,1.6745177507400513,0.3608727753162384
55,4327,0.6524868607521057,0.8403159976005554
55,4428,0.7193077206611633,0.5083593726158142
55,4473,1.1503047943115234,0.6838828325271606
55,4527,0.8619363307952881,0.47915032505989075
60,2588,2.358935832977295,0.9629496932029724
60,2599,1.8755433559417725,0.8209930062294006
60,2610,2.488097667694092,0.6395447254180908
60,2621,2.1185784339904785,0.6243151426315308
60,2632,1.8957321643829346,0.10049217939376831
60,2643,2.4589104652404785,0.040694985538721085
60,2655,2.0332350730895996,0.2966445982456207
60,2666,1.9439915418624878,0.011213511228561401
60,2870,1.8935542106628418,0.5805470943450928
60,2881,1.7907060384750366,0.4033840596675873
60,2891,1.7615649700164795,0.8264642953872681
60,2900,1.989830732345581,0.6628546714782715
60,2911,2.1636881828308105,0.7832891345024109
60,2922,1.876814603805542,0.45583975315093994
60,2933,2.1395058631896973,0.2937708795070648
60,2940,2.0430028438568115,0.29368582367897034
60,2942,1.572345495223999,0.39351505041122437
60,2952,2.038454055786133,0.6071138381958008
60,2953,2.0946574211120605,0.7948802709579468
60,2959,1.537822961807251,0.4335803687572479
61,3069,-0.38312721252441406,0.7513195276260376
61,3080,0.6748432517051697,1.0987794399261475
61,3091,0.16027255356311798,0.6775757074356079
61,3102,1.0948325395584106,0.974866509437561
61,3113,1.7734389305114746,0.4422769844532013
61,3124,0.3980240821838379,0.5240277647972107
61,3136,2.1259238719940186,0.5135284662246704
61,3146,-0.012462083250284195,0.7726920247077942
61,3157,-0.2990114092826843,0.5855404138565063
61,3168,1.674849510192871,0.6186687350273132
64,4710,1.8733192682266235,0.7334391474723816
64,4711,1.608352541923523,0.9679408073425293
64,4712,0.14843441545963287,0.9183609485626221
64,4713,1.1527609825134277,0.5894618630409241
64,4714,0.47068488597869873,0.7630292773246765
64,4716,1.0904102325439453,0.7348712682723999
64,4717,0.09713701158761978,0.2990860044956207
64,4718,0.649728000164032,0.679668128490448
64,4719,0.9322371482849121,0.7074004411697388
64,4733,1.0967066287994385,0.9053853750228882
64,4734,0.6359740495681763,0.7765377163887024
64,4735,0.4277766942977905,0.6854225397109985
64,4736,0.4280049800872803,0.8722068667411804
64,4737,0.8977310657501221,1.6832709312438965
64,4738,1.2506786584854126,1.390326976776123
64,4740,-0.2598336338996887,0.7525477409362793
64,4741,0.2349662333726883,0.7654076814651489
64,4742,1.0884783267974854,0.95729660987854
64,4743,1.00401771068573,0.9039309024810791
65,4744,-0.3634912371635437,0.28781136870384216
65,4745,1.210975170135498,0.4946145713329315
65,4746,0.524196982383728,1.41874361038208
65,4747,-0.9495278000831604,1.195970058441162
65,4748,-0.6770059466362,0.830942690372467
65,4749,-1.0230993032455444,1.162150263786316
65,4751,1.4895529747009277,1.8076344728469849
65,4752,0.8732332587242126,1.8196187019348145
65,4753,0.6935498118400574,1.9505788087844849
65,4754,1.0131574869155884,1.972069501876831
65,4755,0.9969045519828796,1.4143577814102173
65,4756,0.5936867594718933,0.9865357875823975
65,4757,0.35746926069259644,0.7807928323745728
65,4758,0.2505694031715393,1.0063564777374268
65,4759,0.2379523366689682,1.1576049327850342
65,4760,0.35542041063308716,1.5759551525115967
67,4806,0.5385897755622864,0.41329360008239746
67,4807,0.18523819744586945,0.3702400028705597
67,4808,0.9161887764930725,0.1695130616426468
67,4809,0.774698793888092,0.6781642436981201
67,4810,-0.027617990970611572,0.7069944143295288
67,4811,1.623443603515625,0.9976557493209839
67,4812,0.9869769215583801,1.0656123161315918
67,4813,1.4009318351745605,0.5557919144630432
67,4815,0.467818021774292,0.7582903504371643
69,4835,-0.7764344811439514,0.7429196238517761
69,4836,1.092386245727539,1.1682430505752563
69,4837,-0.3363366723060608,1.100390911102295
69,4838,1.8062602281570435,1.1618592739105225
70,4840,1.4909954071044922,1.1353360414505005
70,4841,1.7003259658813477,0.7318492531776428
70,4842,0.38542377948760986,0.8643913269042969
70,4843,1.9143006801605225,0.8869755268096924
70,4844,0.8425782322883606,1.3417160511016846
70,4845,0.01652780920267105,0.9631355404853821
70,4846,-0.585441529750824,0.749769926071167
70,4847,0.4208662509918213,1.2134718894958496
70,4848,0.9729472994804382,0.923949122428894
70,4849,-0.20674578845500946,0.9359897971153259
70,4851,0.1941990703344345,1.1437691450119019
70,4852,0.4000501036643982,1.3792037963867188
70,4853,-1.210990309715271,0.8918883800506592
70,4854,0.5243291258811951,1.5068628787994385
70,4855,0.5467458963394165,1.4399750232696533
70,4856,1.192355990409851,2.1269431114196777
70,4857,0.9003719687461853,2.0274617671966553
70,4858,0.9220396876335144,1.3293342590332031
70,4859,0.36244696378707886,1.0002808570861816
70,4860,0.11773940920829773,1.125962257385254
70,4861,1.0304914712905884,1.2381591796875
70,4862,1.3491148948669434,0.9760074615478516
70,4863,1.4290809631347656,1.0507254600524902
70,4864,1.075282096862793,1.1068284511566162
70,4865,1.6694142818450928,0.4170011579990387
70,4866,1.1116559505462646,0.23873454332351685
70,4867,1.203530192375183,0.600714921951294
70,4868,0.5774857401847839,0.6843885779380798
70,4869,0.7791292667388916,1.2626451253890991
70,4870,-0.46248412132263184,0.7844204902648926
70,4871,0.16354809701442719,0.7330894470214844
70,4872,-0.022379692643880844,0.9160211682319641
70,4955,0.9290676712989807,1.2797534465789795
70,4956,0.6343147158622742,0.504323422908783
70,4957,1.8339663743972778,0.557933509349823
70,4958,1.4287867546081543,1.0508956909179688
70,4959,-0.03031902015209198,0.49126383662223816
73,5022,0.5452708601951599,0.9053705334663391
73,5023,-1.3091541528701782,0.26430580019950867
73,5024,-0.41267210245132446,0.7057949304580688
73,5025,-0.28345829248428345,0.8240535259246826
73,5026,-1.1135358810424805,1.0275334119796753
73,5027,1.56080162525177,1.4163892269134521
73,5028,0.6796728372573853,0.6265691518783569
73,5029,0.659792423248291,0.4966076910495758
75,5062,-0.7438057065010071,0.06022735312581062
75,5063,-0.549489438533783,-0.08575287461280823
75,5064,-0.4020094871520996,0.014700371772050858
75,5065,-0.7659823894500732,0.21066245436668396
75,5066,-0.37808388471603394,0.2859659790992737
75,5067,-0.3363487124443054,0.4317360520362854
75,5068,-0.7838284373283386,0.49999937415122986
75,5069,-0.4475024342536926,0.798565149307251
75,5070,1.0671725273132324,0.7945699095726013
75,5071,0.5119614005088806,0.6581043004989624
75,5072,0.6934142708778381,0.5477367043495178
75,5073,0.6362717747688293,0.9079201221466064
75,5074,-2.063863754272461,0.033241238445043564
75,5075,-2.0634071826934814,0.37107565999031067
75,5076,-0.4524678587913513,0.7978571653366089
80,5193,0.07607680559158325,1.0597895383834839
80,5194,0.6084503531455994,1.345597743988037
80,5195,-1.0769031047821045,0.7644306421279907
80,5196,-0.713026762008667,1.1964831352233887
80,5197,0.907798707485199,1.9180327653884888
80,5198,1.3467926979064941,1.2502498626708984
80,5199,-0.014020539820194244,0.8575903177261353
80,5200,1.288243055343628,0.8144006729125977
80,5201,0.23845870792865753,0.2390122413635254
80,5202,0.49972325563430786,0.31290915608406067
80,5203,-0.10835573822259903,0.894463062286377
80,5204,0.24021701514720917,1.0046732425689697
80,5205,0.15487118065357208,1.088456630706787
80,5206,0.3989139795303345,1.183570384979248
82,5267,-0.9042795896530151,0.8031208515167236
82,5268,-1.3805140256881714,0.6874598264694214
82,5269,-1.3405219316482544,1.208786964416504
82,5270,-1.1580220460891724,1.270961880683899
82,5271,0.811653196811676,0.9707000255584717
82,5272,0.7008164525032043,1.1786640882492065
82,5273,1.028596043586731,1.028019666671753
82,5274,1.060581922531128,1.0472023487091064
84,207,1.2770106792449951,1.3638161420822144
84,208,1.3324627876281738,1.411862850189209
84,209,1.6579458713531494,1.593598484992981
84,210,0.4238688349723816,1.4115012884140015
84,211,-0.19709046185016632,1.3333154916763306
84,212,0.45280641317367554,1.737235426902771
84,213,0.4246249198913574,1.7910853624343872
84,214,0.6141871809959412,1.2193347215652466
84,215,1.1312507390975952,0.48213085532188416
84,217,0.7434330582618713,1.7609769105911255
84,218,1.3681217432022095,1.3537977933883667
84,219,2.2529125213623047,0.79158616065979
84,220,3.0504682064056396,1.0672718286514282
84,221,2.892204523086548,1.1268093585968018
84,222,2.220371961593628,0.8928747177124023
84,223,2.092038869857788,1.3322582244873047
84,224,0.843079149723053,0.972832202911377
84,225,1.3857122659683228,0.8554593920707703
84,226,1.6417508125305176,1.7463643550872803
84,228,1.4525893926620483,1.2971620559692383
84,229,1.6865153312683105,0.9344667196273804
84,230,1.7645319700241089,1.8498519659042358
84,231,1.450190782546997,1.8100221157073975
84,232,1.3926708698272705,2.0241246223449707
84,233,1.321302056312561,1.5896579027175903
84,234,2.0109777450561523,0.7725721597671509
84,235,1.1502223014831543,0.5631415843963623
84,236,1.5326042175292969,0.5517885088920593
84,237,2.2384777069091797,0.5405329465866089
84,239,1.5275954008102417,0.33669313788414
89,571,-0.17774581909179688,0.3119048774242401
89,572,-1.269163966178894,0.13272997736930847
89,573,-0.6105135679244995,0.5879346132278442
89,574,0.6305877566337585,1.3278706073760986
89,579,0.04421412944793701,1.286023736000061
89,580,-0.38152366876602173,1.0536302328109741
89,581,-0.8990764021873474,0.737671434879303
89,582,-0.012309573590755463,0.9629925489425659
89,583,-0.13201627135276794,0.5061657428741455
89,584,-0.5888680815696716,0.35060355067253113
89,585,1.2992362976074219,1.3681968450546265
89,586,-0.5247707962989807,0.9011543989181519
89,587,0.1503424495458603,0.6651790142059326
92,689,-0.7320402264595032,0.8694721460342407
92,690,-1.4996318817138672,0.5225279331207275
92,691,-0.4440450072288513,0.23162433505058289
92,692,0.04668627679347992,0.3488795757293701
92,693,-0.9305996298789978,1.1591384410858154
92,694,-1.2438827753067017,1.2366687059402466
92,695,-0.6946704983711243,1.3463494777679443
92,696,1.3190217018127441,0.9935067892074585
92,697,0.3940662145614624,0.942589282989502
92,698,0.030761875212192535,1.0527750253677368
92,699,1.424302577972412,1.2927862405776978
92,700,-0.607110321521759,0.6051288843154907
92,701,0.05179409682750702,0.6188220381736755
92,702,-2.0757665634155273,0.5794153213500977
92,703,-1.6541085243225098,0.8539616465568542
92,704,-1.6417900323867798,0.7817189693450928
92,705,-0.12205086648464203,0.7578215599060059
92,706,0.6325972676277161,1.0640995502471924
92,707,0.3922696113586426,1.4351309537887573
92,708,0.3540319800376892,1.6751868724822998
92,709,0.8829718232154846,0.9815473556518555
92,710,1.2960741519927979,0.7446300983428955
92,711,1.135009765625,1.108497142791748
92,712,1.1425886154174805,1.0669591426849365
92,713,0.9390512704849243,1.1413875818252563
92,714,0.9343256950378418,1.1631485223770142
92,715,1.6259311437606812,0.5091111063957214
94,970,0.47665178775787354,0.30796584486961365
94,971,-1.128570795059204,0.16877314448356628
94,1182,0.42528021335601807,0.31443360447883606
94,1183,-1.5539367198944092,0.5961679816246033
94,1184,0.18650756776332855,0.71388840675354
94,1185,-1.1353977918624878,1.0268654823303223
94,1186,0.5427911877632141,2.0776612758636475
94,1187,0.7764704823493958,1.2115638256072998
94,1188,0.4739285707473755,0.6839187145233154
94,1189,-0.31418007612228394,0.8282498121261597
94,1190,1.2801141738891602,0.9304086565971375
94,1191,0.1270076483488083,0.7616169452667236
94,1192,-0.5577356219291687,0.22806259989738464
94,1193,-0.27296531200408936,0.773493766784668
94,1194,0.7912684082984924,0.5182356238365173
97,1257,-1.085827112197876,0.644039511680603
97,1258,0.7225135564804077,0.9441521167755127
97,1259,-0.5229840874671936,0.035816583782434464
97,1260,0.16094520688056946,0.08156619966030121
97,1261,0.5811663866043091,0.9736659526824951
97,1262,-0.25310760736465454,0.9712357521057129
97,1263,-0.2765267491340637,0.7495429515838623
97,1264,0.39465487003326416,0.6251831650733948
97,1265,-1.2156627178192139,0.44167473912239075
97,1266,-0.5365339517593384,0.9306492805480957
97,1267,-1.7264214754104614,1.2114841938018799
97,1268,-1.897308349609375,1.1070199012756348
97,1269,-0.917658269405365,1.0299441814422607
97,1270,-1.7399811744689941,1.0259557962417603
97,1271,-0.04936766251921654,1.4172213077545166
97,1272,-1.4049956798553467,0.8321799039840698
97,1273,-0.7158879041671753,0.9845459461212158
97,1274,-1.1091127395629883,1.0042779445648193
97,1275,-0.2747234106063843,1.0303149223327637
97,1276,-0.4311482310295105,0.6833981871604919
97,1277,0.03487590700387955,0.6604104042053223
97,1278,-0.15316808223724365,0.499155730009079
97,1279,-0.19294075667858124,0.817317008972168
97,1280,-0.5118352174758911,1.1459957361221313
97,1281,-0.20685018599033356,1.1760163307189941
97,1282,-0.5381465554237366,1.1794683933258057
97,1283,0.5670964121818542,1.417502760887146
97,1284,-0.8694749474525452,1.3183157444000244
97,1285,-0.9356871247291565,1.3391995429992676
97,1305,-0.9301548004150391,1.435155987739563
97,1306,-0.1548192799091339,1.6330708265304565
97,1307,-0.6829243898391724,1.3994351625442505
99,1390,-0.7803331017494202,-0.16926656663417816
99,1391,0.8085753321647644,0.2777571976184845
99,1392,0.5938246250152588,0.6174892783164978
99,1393,-0.15455065667629242,0.7689409255981445
99,1394,-0.7690654397010803,0.6709188222885132
99,1395,-0.48380690813064575,0.5412361025810242
99,1396,-0.51814204454422,0.7074840068817139
99,1397,0.08055507391691208,0.7370030283927917
99,1398,-0.9421899914741516,0.6525691747665405
99,1399,0.17129048705101013,1.324779987335205
99,1400,-0.8856844305992126,0.9234282970428467
99,1401,-0.30594825744628906,1.3853342533111572
99,1402,-0.9296255111694336,0.8372684121131897
99,1403,-0.3930290937423706,0.8162641525268555
100,1404,0.31451505422592163,0.6710208058357239
100,1405,0.3932819962501526,1.3108810186386108
100,1406,0.48026174306869507,1.3678319454193115
100,1407,0.7501144409179688,1.6228563785552979
100,1408,0.5822535157203674,1.0292091369628906
100,1409,0.1653757393360138,0.968679666519165
100,1419,0.44974249601364136,1.1815271377563477
100,1420,-0.71412193775177,1.0730819702148438
100,1421,1.0805283784866333,1.2474373579025269
100,1422,0.44688498973846436,1.0822252035140991
100,1423,-1.179335355758667,0.6578339338302612
100,1424,1.1216212511062622,1.5385594367980957
100,1425,-1.545743703842163,0.7554014921188354
100,1426,-0.6472364664077759,0.8593610525131226
100,1427,-0.6978896260261536,0.8068017959594727
100,1428,1.331555724143982,1.6380200386047363
100,1429,0.9494537711143494,1.1397604942321777
100,1430,0.6378830075263977,1.0345045328140259
100,1431,-0.7991074919700623,0.18418945372104645
101,1432,1.1800453662872314,0.24953919649124146
101,1433,0.5550853610038757,0.4629400074481964
101,1434,0.5445135235786438,0.6325717568397522
101,1435,0.003936551511287689,0.3933843970298767
101,1436,-1.142829418182373,-0.0769525021314621
101,1437,0.49853843450546265,0.11648790538311005
101,1438,-0.04593581706285477,0.2325133979320526
101,1439,0.9995377659797668,0.22499462962150574
101,1440,0.39427274465560913,0.12336234748363495
101,1441,0.43356120586395264,-0.29987984895706177
101,1442,0.24808688461780548,0.5738723278045654
101,1443,0.013838663697242737,0.8066248297691345
101,1444,-0.7766653895378113,0.5046695470809937
101,1445,0.9113828539848328,0.6394655704498291
101,1446,0.1612170785665512,1.1092215776443481
101,1447,0.011001195758581161,1.0025277137756348
101,1448,-0.8625959753990173,0.7360057234764099
101,1449,0.9753939509391785,0.893060564994812
101,1450,-0.2132916897535324,1.231899380683899
101,1451,-0.321941077709198,0.9273812770843506
101,1452,1.1759142875671387,0.9115365743637085
102,1453,-1.312974452972412,0.08601315319538116
102,1454,-0.07743139564990997,0.4061296880245209
102,1455,-0.16616345942020416,0.6679590344429016
102,1456,-1.6303582191467285,0.7379492521286011
102,1457,-0.4941471219062805,0.9217254519462585
102,1458,-0.002148721367120743,0.8851379752159119
102,1459,-0.05305969715118408,0.5710088014602661
102,1460,-0.7186680436134338,1.2594419717788696
102,1461,0.06518520414829254,0.9759218692779541
102,1462,0.029213253408670425,0.8400951027870178
102,1463,-0.3846200108528137,1.2716683149337769
102,1464,-0.7503342628479004,1.150339126586914
102,1465,-0.5125042200088501,1.378197193145752
102,1466,-1.7378933429718018,1.1870412826538086
102,1467,-0.9532569050788879,0.7521023154258728
102,1468,-0.2317272275686264,0.8999940752983093
102,1469,0.34913986921310425,1.0703741312026978
102,1470,0.3156645894050598,0.9287062883377075
102,1471,-0.4039366841316223,0.7170780301094055
102,1472,-0.3154480457305908,1.1056265830993652
102,1473,-0.2150726467370987,1.5551642179489136
102,1474,-0.2467433661222458,1.5071041584014893
102,1475,-1.9234356880187988,0.48104003071784973
102,1476,-1.3059158325195312,0.7891235947608948
102,1478,-1.630892276763916,0.905870795249939
102,1479,0.21550190448760986,1.5611977577209473
102,1480,-0.6574189066886902,1.3036704063415527
102,1481,-0.37214648723602295,0.9090118408203125
102,1482,0.5796322822570801,1.1032373905181885
102,1483,0.7872042655944824,0.9549235105514526
104,1565,0.7892330288887024,0.96083664894104
104,1566,1.1601769924163818,0.8176733255386353
104,1567,0.5100536346435547,0.8968832492828369
104,1568,-0.6236357688903809,1.7290223836898804
104,1569,-0.4928916096687317,0.9496846795082092
104,1571,-0.20646394789218903,1.1475825309753418
104,1572,-0.2948265075683594,1.410506248474121
104,1573,0.5280086398124695,1.311507225036621
104,1574,1.3314199447631836,0.9539717435836792
104,1575,0.5104442238807678,0.7034011483192444
104,1576,-0.4580773115158081,0.48833879828453064
104,1577,0.5264262557029724,0.0013002194464206696
104,1578,0.9065133929252625,0.23233449459075928
104,1579,0.13100843131542206,0.3045892119407654
104,1580,0.37868326902389526,0.7514969110488892
104,1582,1.621368408203125,0.39467358589172363
104,1583,0.5943747162818909,0.034860286861658096
104,1584,0.5792930722236633,0.08675077557563782
104,1585,0.3115364909172058,0.2552390694618225
104,1586,0.06051637977361679,0.7815500497817993
104,1587,0.7439945340156555,0.7151134014129639
104,1588,1.2083489894866943,0.4083828032016754
104,1589,0.1065363883972168,0.32914918661117554
104,1590,0.8556534647941589,0.764621913433075
104,1591,-1.3977844715118408,0.3350397050380707
104,1593,-1.5075147151947021,0.4775650203227997
104,1594,-0.5984050035476685,0.6522308588027954
104,1595,0.3660604953765869,0.918912410736084
104,1771,1.104952096939087,0.8333652019500732
104,1772,1.772217869758606,0.6787529587745667
105,1796,-0.3208814859390259,0.04634088650345802
105,1798,0.2535209059715271,-0.09047304838895798
105,1799,-1.3221135139465332,-0.19814850389957428
105,1800,-0.9259055256843567,0.09858763217926025
105,1801,-0.17429442703723907,-0.007549688220024109
105,1802,-0.5045199990272522,0.017172981053590775
105,1803,1.0122102499008179,0.281556099653244
105,1815,-1.1215579509735107,0.4985939562320709
105,1816,-0.7806515693664551,0.7049156427383423
105,1817,0.8613628149032593,1.3176424503326416
105,1818,-0.8715583682060242,1.1155166625976562
105,1820,-1.022829532623291,1.0371956825256348
105,1821,-1.70761239528656,0.7476030588150024
106,1832,-0.7784586548805237,1.2953557968139648
106,1833,-0.012428715825080872,0.9032862186431885
106,1834,-1.273703932762146,1.082362413406372
106,1835,-0.9620466828346252,0.2888812720775604
106,1836,0.09981966018676758,0.9069716930389404
106,1837,0.9867451786994934,0.9563811421394348
106,1838,-0.1992599070072174,0.5068509578704834
106,1839,1.6684120893478394,0.9623541831970215
107,1859,-1.5508391857147217,0.3233549892902374
107,1860,-1.62107253074646,1.0190569162368774
107,1861,-0.6782858967781067,1.3055649995803833
107,1863,0.10222763568162918,1.0442692041397095
107,1864,-2.187376022338867,0.9728484153747559
107,1865,-0.8842037916183472,0.9680490493774414
107,1866,-1.1654715538024902,0.7510204315185547
107,1867,-2.131915330886841,0.1219138652086258
107,1868,-1.4451987743377686,0.4439209997653961
107,1869,0.18979813158512115,1.3838179111480713
107,1870,-0.07511889934539795,0.9051762819290161
107,1871,-1.4550049304962158,0.8417983055114746
107,1872,0.9246864318847656,1.3792558908462524
107,1874,-0.650911271572113,1.253488540649414
107,1875,-1.5142991542816162,0.5771549344062805
107,1876,-0.6111634969711304,1.5673067569732666
107,1877,-1.6479408740997314,0.96566241979599
110,1929,0.10831156373023987,0.4593020975589752
110,1930,-0.05999485030770302,0.5511187314987183
110,1931,-0.0575447753071785,0.7044994235038757
110,1933,-1.996827244758606,1.059366226196289
110,1934,0.31307876110076904,1.5866827964782715
110,1935,-1.3064308166503906,0.8465758562088013
110,1936,-1.367391586303711,0.8902214765548706
110,1937,0.6103418469429016,0.6971096992492676
110,1938,1.1641690731048584,0.8763079643249512
110,1939,0.7655813097953796,1.3312197923660278
110,1940,0.856113851070404,1.1130255460739136
110,1941,-0.7508929371833801,0.4577769637107849
110,1942,-1.3177542686462402,0.5438457727432251
110,1944,-0.12569531798362732,1.4666696786880493
110,1945,-0.4162050485610962,1.241886854171753
110,1946,-0.781690239906311,0.2951394021511078
110,1947,0.004899337887763977,0.0486963652074337
110,1948,-0.5727885961532593,0.3267669379711151
110,1949,0.8804773688316345,1.034787654876709
110,1950,0.39138978719711304,0.8773869872093201
110,1951,-0.2270818054676056,1.235424280166626
110,1952,-1.1122775077819824,0.502478301525116
110,1953,0.23967908322811127,0.4650246500968933
110,1955,0.5750544667243958,1.1697065830230713
110,1956,0.8661941885948181,0.6533706188201904
110,1957,-1.5929241180419922,0.09473082423210144
110,1958,0.5127172470092773,0.6918727159500122
110,1959,0.6476370692253113,-0.043577469885349274
110,1960,-0.9355270266532898,0.05563764646649361
110,1965,-1.1877223253250122,0.12942448258399963
110,1966,0.7781814932823181,0.925046443939209
110,1967,1.5827066898345947,0.8632886409759521
110,1968,1.1212022304534912,0.6368646621704102
110,1970,1.0365577936172485,1.0974299907684326
110,1971,1.931442379951477,0.9003056287765503
110,1972,-0.7830387353897095,0.8708820343017578
111,1973,0.9291265606880188,0.30687665939331055
111,1974,-1.2517476081848145,-0.27541765570640564
111,1975,0.17802110314369202,0.5903038382530212
111,1976,0.22390906512737274,0.13632942736148834
111,1977,-0.30847060680389404,0.49842843413352966
111,1978,0.2188786119222641,0.42546847462654114
111,1979,0.4393507242202759,0.7778613567352295
111,1981,-1.0344421863555908,0.4964315593242645
111,1982,1.3703566789627075,1.7015399932861328
111,1983,0.75401371717453,1.0195261240005493
111,1984,-0.1710650771856308,1.099010944366455
111,1985,1.7019693851470947,0.9686460494995117
111,1986,0.802859365940094,0.9828758239746094
111,1987,1.4045143127441406,1.5447750091552734
111,1988,-0.45961761474609375,0.6392709016799927
111,1989,1.0355342626571655,0.9286870956420898
111,1990,-1.2108938694000244,0.8348723649978638
111,1992,1.0531721115112305,1.1697461605072021
111,1993,0.605424702167511,0.9800925254821777
111,1994,0.2974926233291626,0.9038897752761841
111,1995,-1.4683665037155151,0.8270947933197021
111,1996,0.42963361740112305,0.7547031044960022
111,1997,0.19243210554122925,0.9523900151252747
111,1998,-0.6805084347724915,0.8704895973205566
111,1999,-1.2579550743103027,0.554808497428894
111,2000,0.6561376452445984,0.606247067451477
111,2001,0.36980098485946655,1.0948715209960938
111,2003,0.2597235441207886,0.330039381980896
111,2004,0.12872974574565887,0.08166733384132385
111,2005,-0.10148216038942337,1.0928740501403809
111,2006,0.20678147673606873,0.1692565679550171
112,2007,-0.022020619362592697,1.2249553203582764
112,2008,0.19730082154273987,1.109967589378357
112,2009,-0.8291009664535522,0.9648438096046448
112,2010,0.10882830619812012,1.688244342803955
112,2011,0.00578395277261734,1.6525429487228394
112,2012,0.3636426329612732,1.6304931640625
112,2014,1.0000818967819214,1.9034638404846191
112,2015,0.9666571617126465,1.7056972980499268
112,2016,-0.0731571838259697,1.57188880443573
112,2017,0.27157431840896606,2.1026597023010254
112,2018,-0.3074101209640503,1.8846256732940674
112,2019,0.06625502556562424,1.6519560813903809
112,2020,-0.6956227421760559,1.044654369354248
112,2021,0.773020327091217,1.450684905052185
112,2022,-0.3406640291213989,1.624861717224121
112,2023,0.18213556706905365,2.263474702835083
112,2025,0.5803605914115906,2.357671022415161
112,2026,0.5370065569877625,2.508409261703491
112,2027,0.3150486946105957,2.2184736728668213
112,2028,-0.46208858489990234,1.859293818473816
112,2029,-0.254120409488678,1.77378249168396
112,2030,-0.16052651405334473,1.6874066591262817
112,2031,-0.2686300277709961,1.926781415939331
112,2032,0.0729970708489418,1.9743428230285645
112,2033,0.22197818756103516,1.8391789197921753
112,2034,0.48407071828842163,1.7702858448028564
112,2037,0.4768710136413574,1.614670753479004
112,2038,0.23453791439533234,1.901590347290039
112,2039,0.31009262800216675,1.852391004562378
112,2040,0.3951759338378906,1.4186632633209229
115,2326,-1.0083022117614746,0.7882236838340759
115,2327,-0.7188289761543274,0.834552526473999
115,2328,0.2465774565935135,0.8267679810523987
115,2330,-1.0650177001953125,1.0123131275177002
115,2331,0.9281435608863831,1.3598968982696533
115,2332,0.5318841338157654,0.6535890102386475
115,2333,1.168893575668335,0.7602232694625854
115,2334,1.1885342597961426,1.2643663883209229
115,2335,1.3485504388809204,1.256946325302124
115,2336,1.4225966930389404,1.1858158111572266
115,2337,0.8493086099624634,1.382286787033081
115,2338,0.7946595549583435,1.271752119064331
115,2339,0.9272076487541199,1.2016520500183105
115,2341,0.7335541844367981,1.0738343000411987
115,2342,0.7174255847930908,0.619068443775177
115,2343,0.7997555732727051,0.2874377369880676
115,2344,0.991005003452301,0.6758319139480591
115,2345,0.6738467812538147,1.0060012340545654
115,2346,1.1452839374542236,1.1977959871292114
115,2347,1.4576863050460815,1.4516630172729492
115,2348,1.5578962564468384,0.8678038716316223
115,2349,1.5921804904937744,1.2384331226348877
115,2350,1.658918023109436,1.2685872316360474
115,2352,2.083803653717041,0.7613883018493652
115,2353,1.925736665725708,0.9212208986282349
115,2354,2.0106799602508545,1.0385942459106445
115,2355,1.905818223953247,1.2921593189239502
115,2356,1.0374430418014526,0.8721930384635925
115,2357,1.6984745264053345,0.7171975374221802
115,2358,1.684058427810669,0.9762825965881348
115,2359,1.8927452564239502,0.9536138772964478
115,2360,1.6495134830474854,0.46805813908576965
115,2361,1.7457141876220703,0.7315887212753296
117,2417,0.5807000994682312,0.9377930760383606
117,2418,1.1643266677856445,1.2149059772491455
117,2419,1.208711862564087,1.3192663192749023
117,2420,0.9129853248596191,1.1639381647109985
117,2421,0.4098644256591797,1.2360470294952393
117,2422,1.1746573448181152,0.9098926782608032
117,2423,1.0995256900787354,1.3021705150604248
117,2424,0.1363806128501892,0.501750111579895
117,2425,1.0080373287200928,0.9094884395599365
117,2427,0.8437564373016357,0.7521454095840454
117,2428,0.696549117565155,0.7281744480133057
117,2429,1.1037707328796387,1.1021497249603271
117,2430,0.9748092293739319,1.0220357179641724
118,2431,0.02780100703239441,0.46906134486198425
118,2432,0.9516630172729492,0.5164135694503784
118,2433,1.2785089015960693,0.15501976013183594
118,2434,0.8271499276161194,0.38524410128593445
118,2435,-0.19470088183879852,0.8213986754417419
118,2436,1.7183133363723755,1.0106042623519897
118,2438,1.5203605890274048,1.0830323696136475
118,2439,1.365349531173706,1.5058724880218506
118,2440,1.777523398399353,1.4369726181030273
118,2441,0.6111176609992981,0.7927939891815186
118,2442,1.5916656255722046,0.9410503506660461
118,2443,0.21020931005477905,0.9953664541244507
118,2444,1.0081684589385986,0.8553993105888367
118,2445,1.4469057321548462,1.3538227081298828
118,2446,1.211098551750183,1.1870131492614746
118,2447,0.9895616173744202,0.5270103216171265
118,2450,0.7655120491981506,1.0931360721588135
118,2451,-0.6907874941825867,1.121371865272522
118,2452,-0.17397190630435944,0.8335400819778442
118,2453,-0.14771103858947754,0.7811064720153809
118,2454,-0.6425955891609192,0.43485596776008606
118,2455,-0.03328302875161171,1.5739240646362305
118,2456,-0.573236346244812,1.0030901432037354
118,2457,0.8232424855232239,1.1453158855438232
118,2458,0.41631436347961426,1.0473906993865967
118,2459,-0.23288430273532867,1.191375970840454
118,2461,-0.4212021231651306,0.943318247795105
118,2462,0.19425879418849945,0.6659290790557861
118,2463,-0.7130524516105652,1.036029577255249
118,2464,-0.9523819088935852,0.8839542269706726
118,2465,0.07958504557609558,1.2104182243347168
118,2466,0.5864495635032654,1.4911489486694336
118,2467,1.404871940612793,1.4669437408447266
118,2468,0.865246593952179,1.1450713872909546
118,2469,1.386184811592102,0.9201979637145996
118,2470,0.20987825095653534,0.910852313041687
119,2478,0.8295026421546936,0.7073873281478882
119,2479,1.3409230709075928,0.7541996240615845
119,2480,0.21393704414367676,1.0504155158996582
119,2481,-0.169612318277359,1.1030009984970093
119,2483,-0.6027448773384094,0.4538480341434479
120,2510,0.9661133289337158,0.07147526741027832
120,2511,-0.43649619817733765,0.11599481105804443
120,2513,0.9426650404930115,0.12143614888191223
120,2514,-0.6312107443809509,-0.17927855253219604
120,2515,-0.9082318544387817,0.7475169897079468
120,2516,0.5789949297904968,1.0469903945922852
120,2517,-0.2233179360628128,0.002711951732635498
120,2518,-0.7869861721992493,0.40700963139533997
120,2519,-0.8549485802650452,1.3162297010421753
120,2520,-1.2260619401931763,0.9247748851776123
120,2521,1.1084980964660645,0.43024587631225586
120,2522,-0.008007809519767761,0.25076159834861755
122,2601,0.35463833808898926,0.5616573095321655
122,2602,0.6408742070198059,0.6283876895904541
122,2603,1.9014501571655273,0.8778975009918213
122,2604,0.5986977815628052,1.1296461820602417
122,2605,0.9995852112770081,0.5982769131660461
122,2606,1.538856863975525,1.0553748607635498
122,2607,1.4593727588653564,1.0852162837982178
122,2608,0.7197605967521667,0.8807624578475952
122,2609,0.8713305592536926,0.9362953901290894
122,2611,0.253160297870636,0.5482491850852966
122,2612,0.14854435622692108,0.521446168422699
122,2613,1.234148383140564,0.06057307496666908
123,2614,0.5203331112861633,0.09655994176864624
123,2615,-0.43516117334365845,0.1531566083431244
123,2616,0.146134153008461,0.4382780194282532
123,2617,1.3089016675949097,0.9847767353057861
123,2618,-0.5695931315422058,0.6080358624458313
123,2619,-0.6225497722625732,0.9617639780044556
123,2620,-0.25915801525115967,1.1603977680206299
123,2622,0.1993342489004135,0.7597538232803345
123,2623,0.06603412330150604,0.7683460712432861
123,2624,1.9162943363189697,1.8203141689300537
123,2625,0.3664636015892029,1.6605920791625977
123,2626,0.9313079118728638,1.3563919067382812
127,2926,0.6804822087287903,0.6723568439483643
127,2927,1.3492127656936646,0.7652671933174133
127,2928,0.073776975274086,0.5301917195320129
127,2929,1.6241540908813477,0.834091305732727
127,2930,1.291590690612793,1.1108160018920898
127,2931,0.40288883447647095,1.2042639255523682
127,2932,1.2189972400665283,1.0287200212478638
127,2934,2.2001328468322754,0.9535336494445801
127,2935,0.44622552394866943,1.1423180103302002
127,2936,-0.13119569420814514,1.3518002033233643
127,2937,1.4622175693511963,1.4621995687484741
127,2938,-0.1720980852842331,1.137946367263794
127,2939,1.5629196166992188,1.357129693031311
129,2989,0.3835833668708801,0.21051865816116333
129,2990,0.5670091509819031,-0.08715471625328064
129,2991,1.291182279586792,0.1426609307527542
129,2993,-1.394439458847046,-0.5410881042480469
129,2994,0.2404211312532425,0.08696509897708893
129,2995,0.7548702359199524,-0.023606862872838974
129,2996,2.193843126296997,-0.4949133098125458
129,2997,0.8514434695243835,-0.6476542949676514
129,2998,0.502970278263092,-0.18228395283222198
129,2999,0.8928946852684021,0.354418009519577
129,3000,0.13102218508720398,0.16119353473186493
129,3001,0.6275514364242554,0.30068087577819824
129,3002,0.5477911829948425,-0.1578933149576187
129,3004,-0.9317764639854431,-0.5698183178901672
129,3005,-0.6902477145195007,-0.6078027486801147
129,3006,1.4430418014526367,0.15641215443611145
129,3007,0.6030152440071106,0.42342036962509155
129,3008,0.6605979204177856,0.270515501499176
129,3009,0.22685636579990387,0.47941651940345764
129,3010,0.5786408185958862,0.7086390256881714
129,3011,0.1357058733701706,0.7494302988052368
129,3012,0.24224866926670074,-0.22729015350341797
129,3013,-0.39480066299438477,0.16299179196357727
129,3015,1.1886184215545654,1.1371768712997437
129,3016,0.19938237965106964,0.6974676847457886
129,3017,-1.0405666828155518,0.4507175385951996
130,3018,-0.959938108921051,0.26582226157188416
130,3019,0.1401718705892563,0.4464069902896881
130,3020,0.530447781085968,0.877284586429596
130,3021,1.8403273820877075,0.702837347984314
130,3022,-0.9544489979743958,0.00008217617869377136
130,3023,-0.4359712600708008,0.5908563137054443
130,3024,-1.6314208507537842,0.08392207324504852
130,3026,-1.59852933883667,0.4382472336292267
130,3027,-0.9770126342773438,0.9432297945022583
130,3028,-1.2729015350341797,0.28890326619148254
130,3029,-0.9787556529045105,0.34485867619514465
130,3030,-1.4366471767425537,0.26111316680908203
130,3031,-0.02522730454802513,1.0834797620773315
130,3032,0.9305447936058044,1.2815971374511719
130,3033,-0.6162818670272827,0.8809593915939331
130,3034,-1.1637274026870728,0.8711012005805969
130,3035,-1.0310227870941162,1.4250109195709229
130,3038,-1.1241438388824463,0.9176981449127197
130,3039,0.47809362411499023,0.9250001311302185
130,3040,0.019441694021224976,1.4989818334579468
130,3041,-0.4153181314468384,1.4031871557235718
130,3042,0.42825692892074585,0.9372406005859375
132,3066,-1.158190369606018,0.12570935487747192
132,3067,-1.306872844696045,0.6775017976760864
132,3068,-0.39671069383621216,0.5713219046592712
132,3070,-0.778092086315155,1.2778829336166382
132,3071,-0.33713024854660034,0.9049258232116699
132,3072,-0.6362563967704773,1.058247447013855
132,3073,1.2810330390930176,1.5650339126586914
132,3074,-0.13537517189979553,0.8683044910430908
132,3075,1.7235503196716309,0.19062206149101257
132,3076,-0.6702672839164734,0.7281641960144043
132,3077,-0.46771830320358276,1.0139150619506836
132,3078,-0.15309666097164154,1.4682315587997437
132,3079,-0.7469331622123718,1.4190154075622559
132,3081,-1.3746663331985474,0.7767575979232788
132,3082,-1.315889596939087,1.109795331954956
132,3083,-1.501388669013977,0.7355479001998901
132,3084,-1.1261056661605835,0.5466307401657104
132,3085,-1.0511581897735596,0.4266453683376312
132,3086,0.24725787341594696,0.8416897654533386
132,3087,-1.1568858623504639,1.3249964714050293
132,3088,-0.9373730421066284,1.2910784482955933
132,3089,1.174372911453247,1.9062730073928833
132,3090,-1.4797909259796143,0.85308837890625
132,3092,-0.6418613791465759,0.6663615107536316
132,3093,1.4313499927520752,0.6475212574005127
132,3094,-0.8379294872283936,1.141223430633545
132,3095,0.7979043126106262,1.7383472919464111
132,3096,-0.550143837928772,1.246269702911377
132,3097,-1.018052339553833,1.1969573497772217
133,3110,1.3840481042861938,1.0244134664535522
133,3111,1.6763098239898682,1.1522142887115479
133,3112,1.840522289276123,1.6283681392669678
133,3114,1.4635779857635498,1.584477186203003
133,3115,1.207853078842163,1.0339443683624268
133,3116,1.0955129861831665,1.0269219875335693
133,3117,1.193419337272644,1.05695378780365
133,3118,1.0646605491638184,0.9583697319030762
133,3119,-0.4634885787963867,0.6233596801757812
133,3120,0.8047381043434143,1.0661319494247437
133,3121,0.5098374485969543,0.6819318532943726
134,3139,0.9515654444694519,1.1753833293914795
134,3140,1.5090632438659668,0.8207812309265137
134,3141,-0.7225112318992615,0.8078650832176208
134,3142,-0.7664116621017456,1.180700659751892
134,3143,-1.225616455078125,0.7321272492408752
134,3144,-2.3693416118621826,0.6395989060401917
134,3145,-1.0158805847167969,0.43087464570999146
134,3147,-0.5962457060813904,0.7586488723754883
134,3148,-0.806213915348053,0.9022682309150696
134,3149,-0.5648834705352783,0.826124370098114
134,3150,-0.8559872508049011,0.7158567905426025
134,3151,0.5350884795188904,0.9913408756256104
134,3152,-0.5414825081825256,0.9451248645782471
135,3153,0.8967912197113037,1.93807053565979
135,3154,0.5970273017883301,1.533728837966919
135,3155,0.6227990984916687,0.772983729839325
135,3156,1.1899573802947998,0.7976139783859253
135,3158,0.5677353143692017,0.28041431307792664
135,3159,-0.810081422328949,0.7120708227157593
135,3160,0.9627180695533752,1.6887576580047607
135,3161,0.2764231562614441,1.663221836090088
135,3162,1.164156198501587,0.9503316879272461
135,3163,0.9017780423164368,1.4665344953536987
135,3164,0.23687641322612762,1.0273082256317139
135,3165,0.7311094999313354,1.7184796333312988
135,3166,1.3292676210403442,1.6652262210845947
135,3167,1.1883615255355835,1.7306909561157227
135,3169,1.2566555738449097,1.6734708547592163
135,3170,1.3179283142089844,1.4412180185317993
135,3171,1.163414716720581,0.7674843668937683
135,3172,1.0303163528442383,1.090055227279663
135,3173,1.0504231452941895,1.5264943838119507
135,3174,1.0739575624465942,1.958507776260376
135,3175,1.0910381078720093,1.9374423027038574
135,3176,1.5315322875976562,1.9052379131317139
135,3177,1.556950330734253,1.684093952178955
135,3178,1.8181020021438599,2.0696263313293457
135,3180,1.206078052520752,1.1616559028625488
135,3181,1.0770924091339111,1.1089420318603516
135,3182,1.5654798746109009,1.7904332876205444
135,3183,1.1546976566314697,1.6358957290649414
135,3184,1.148634910583496,2.0183217525482178
135,3185,0.958818793296814,1.660419225692749
135,3186,0.909691333770752,1.5382455587387085
135,3187,1.3379944562911987,1.1982821226119995
135,3188,1.2203176021575928,0.8150286674499512
135,3189,1.5924423933029175,1.5450830459594727
135,3191,1.5767114162445068,1.5125471353530884
135,3192,1.4985177516937256,1.5056324005126953
136,3194,-1.528273105621338,0.20502352714538574
136,3195,-0.30770057439804077,0.4651671350002289
136,3197,-0.8116884827613831,0.6924123764038086
136,3198,-1.5121548175811768,1.1977394819259644
136,3199,-0.5309327244758606,0.8982459902763367
136,3200,0.32581013441085815,0.8472579717636108
136,3201,-0.5569079518318176,0.8395127058029175
136,3202,2.1045076847076416,0.8708321452140808
136,3203,-0.6519925594329834,1.131943702697754
136,3204,-0.34270840883255005,1.2558550834655762
136,3205,-0.9766665101051331,1.418376088142395
136,3206,-1.217870831489563,1.0421756505966187
136,3208,-1.1828272342681885,0.8645456433296204
136,3209,-1.0824222564697266,0.5999302268028259
136,3210,-1.6539599895477295,0.332892507314682
136,3211,-2.2271366119384766,0.21311406791210175
136,3212,-1.1169698238372803,0.2590647339820862
136,3213,0.0013096034526824951,0.5306613445281982
136,3214,-0.1299164593219757,0.42952778935432434
136,3215,-0.7670065760612488,0.7930147647857666
136,3216,0.3151410222053528,1.0798779726028442
136,3217,-0.6978790163993835,1.3426642417907715
136,3425,1.31637704372406,0.914976954460144
136,3426,-0.43058764934539795,0.7775841951370239
136,3427,0.46761202812194824,0.7747987508773804
136,3428,0.9844827055931091,1.1146965026855469
136,3429,0.5012099146842957,1.409699559211731
136,3430,1.1973801851272583,1.010046124458313
136,3431,-0.20313973724842072,1.2941639423370361
136,3432,-0.6009792685508728,0.8259699940681458
139,3509,1.1989102363586426,0.578494668006897
139,3510,1.6626205444335938,0.9239053130149841
139,3511,0.449158251285553,0.7056732177734375
139,3512,1.4740060567855835,1.1775360107421875
139,3513,0.5470597147941589,1.170762538909912
139,3515,0.832892119884491,1.445251226425171
139,3516,1.2587478160858154,0.9467440843582153
139,3517,0.9322025179862976,1.1372182369232178
139,3518,0.9227991104125977,0.856158971786499
139,3519,1.5310330390930176,0.9096009731292725
139,3520,1.3943026065826416,1.2047677040100098
139,3521,0.11468136310577393,1.211245059967041
139,3522,-1.172194004058838,0.8910287022590637
139,3523,-1.1018459796905518,1.0156192779541016
139,3524,-1.2862521409988403,0.9514070749282837
139,3526,-0.6801814436912537,0.9705228805541992
139,3527,0.7771074175834656,0.9071716070175171
139,3528,0.8192418217658997,0.993960976600647
139,3529,0.7522178292274475,0.8814547657966614
140,3554,-0.32518118619918823,0.2619685232639313
140,3555,1.0070440769195557,0.2112097442150116
140,3556,0.966178834438324,0.2734781801700592
140,3557,-1.1001994609832764,0.23558658361434937
140,3558,0.32056164741516113,0.3828415870666504
140,3559,0.8361757397651672,0.6673548221588135
140,3560,1.0536551475524902,0.768856406211853
140,3561,0.7980591654777527,0.49699023365974426
140,3562,-0.8148899674415588,0.7950854301452637
140,3564,0.5236924886703491,0.839199423789978
140,3565,1.2540504932403564,0.938353419303894
140,3566,1.09931218624115,0.8727196455001831
140,3567,0.6999420523643494,0.3258764445781708
140,3568,1.2136205434799194,0.6995817422866821
140,3569,1.285988211631775,0.7082310318946838
140,3570,0.9599189162254333,1.0145020484924316
140,3571,1.4555244445800781,0.6852361559867859
143,3608,1.7384852170944214,1.320121169090271
143,3609,2.0118086338043213,1.507068157196045
143,3610,1.5902514457702637,0.9310821890830994
143,3611,1.7337980270385742,0.7419999241828918
143,3612,1.7138376235961914,0.9705846309661865
143,3613,1.9877715110778809,1.1032755374908447
143,3614,1.7808774709701538,0.6807993054389954
143,3615,2.4294521808624268,1.7365338802337646
143,3616,2.067857503890991,1.0880459547042847
143,3618,1.4142818450927734,0.9876776933670044
143,3619,1.0189893245697021,0.8659361600875854
143,3620,1.7390073537826538,0.5882576704025269
143,3621,1.6684229373931885,0.6886273622512817
143,3622,2.72998309135437,1.2078369855880737
143,3623,2.078433036804199,1.0588868856430054
143,3624,2.008887529373169,1.1045467853546143
143,3625,1.783869981765747,1.146768569946289
143,3626,1.4205762147903442,1.0031770467758179
143,3627,1.7843222618103027,0.9591988325119019
143,3629,1.9714291095733643,1.615006685256958
143,3630,1.925809383392334,1.4979630708694458
143,3631,1.733914852142334,1.4132181406021118
143,3632,1.767418622970581,1.3014466762542725
143,3633,1.8338186740875244,1.776131510734558
143,3634,2.172772169113159,1.7748653888702393
143,3635,1.899208903312683,0.8966282606124878
143,3636,1.4704923629760742,0.8742819428443909
143,3637,1.7857904434204102,0.9770815372467041
143,3638,2.0592682361602783,0.7329710125923157
143,3640,2.180520534515381,0.7493540048599243
143,3641,2.6429216861724854,0.6995882987976074
143,3642,2.5411977767944336,0.6496770977973938
143,3643,1.6771725416183472,0.3714185655117035
145,3696,0.14079591631889343,0.7602199912071228
145,3698,1.3945000171661377,0.7073609828948975
145,3699,-0.21608635783195496,0.2725025713443756
145,3700,0.14610789716243744,0.676177978515625
145,3701,2.1751253604888916,1.2671843767166138
145,3702,1.2774819135665894,1.5797362327575684
147,3752,0.43142688274383545,0.5393677949905396
147,3753,1.6319825649261475,0.7592359781265259
147,3754,0.6811192631721497,1.2385189533233643
147,3755,1.097623586654663,0.5424891710281372
147,3756,1.102269172668457,0.5749682784080505
147,3757,0.08820467442274094,1.209636926651001
147,3758,0.21639765799045563,1.1219031810760498
147,3759,0.8745700716972351,1.087345838546753
147,3760,-0.8158015608787537,0.40144696831703186
147,3761,0.7667577862739563,0.8832259178161621
147,3762,0.8514010906219482,0.5571263432502747
147,3763,0.698746383190155,0.6338571906089783
147,3764,0.8256409764289856,0.48698315024375916
147,3765,-0.19256073236465454,0.44783738255500793
147,3766,0.742462694644928,1.0020420551300049
147,3767,1.0059258937835693,0.7935221195220947
147,3768,0.9655588269233704,1.0505683422088623
147,3769,0.6675634384155273,1.3957653045654297
147,3770,1.3091497421264648,0.7444677352905273
147,3771,2.588994264602661,0.8639235496520996
147,3772,1.5687808990478516,1.2511544227600098
149,3792,0.5324479341506958,0.3142968714237213
149,3793,-1.0752177238464355,0.6010024547576904
149,3794,0.5136905312538147,0.8606769442558289
149,3795,-0.29856544733047485,0.6932179927825928
149,3796,0.8503934144973755,1.0303303003311157
149,3797,0.6734706163406372,0.9976799488067627
149,3798,1.511480689048767,1.236494541168213
149,3799,1.328304648399353,0.9121999144554138
149,3800,1.5128504037857056,0.9240494966506958
149,3801,-1.1208051443099976,0.7575050592422485
149,3802,0.678697407245636,0.9381977319717407
149,3803,-0.23369905352592468,0.568306565284729
149,3804,0.5697367787361145,1.3217456340789795
149,3805,-1.3609472513198853,0.7403996586799622
149,3806,0.2664521336555481,0.66893470287323
149,3807,-0.12765851616859436,0.9286404252052307
149,3808,0.6574793457984924,1.3046878576278687
149,3809,1.1949337720870972,1.3742121458053589
149,3810,-0.4867796301841736,1.5617265701293945
149,3811,-0.5240209102630615,1.2685993909835815
149,3812,-0.29065239429473877,1.175683856010437
149,3813,0.6787922978401184,1.4133563041687012
151,3843,0.23700375854969025,1.0410938262939453
151,3844,0.0268288254737854,0.6039644479751587
151,3845,-0.9407767057418823,0.961854100227356
151,3846,-1.2930845022201538,0.842349648475647
151,3847,-0.9700044393539429,1.0048805475234985
151,3848,-0.677006185054779,0.8407185077667236
151,3849,0.05866442620754242,0.834243655204773
151,3850,0.7338448166847229,0.6254026889801025
151,3851,0.8102027773857117,0.9285030364990234
151,3852,-1.1247899532318115,0.6834752559661865
151,3853,-0.5052796602249146,0.7624865770339966
151,3854,-0.0733436793088913,0.9466967582702637
151,3855,-0.11201578378677368,0.6512703895568848
151,3856,-0.6522966027259827,0.6934269070625305
151,3857,-0.531207799911499,0.8744757175445557
151,3858,-0.08971050381660461,1.4907666444778442
151,3859,-0.7459977865219116,1.7989225387573242
151,3860,-0.649480938911438,1.431114912033081
151,3861,-1.8625097274780273,0.6261250972747803
151,3862,-1.6702659130096436,1.0910147428512573
151,3863,-0.008759826421737671,1.1759051084518433
151,3864,-0.4677768349647522,1.0973527431488037
151,3865,-0.8825192451477051,0.9224097728729248
151,3866,-0.6476433277130127,1.2210290431976318
151,3867,1.0450847148895264,1.017945647239685
151,3868,0.22614696621894836,0.7888131737709045
152,3876,0.7891955971717834,0.5849446654319763
152,3877,1.2760233879089355,0.5410809516906738
152,3878,1.2867342233657837,0.729210615158081
152,3879,0.929963231086731,0.8774056434631348
152,3880,1.5550236701965332,1.033008337020874
152,3881,1.404884934425354,0.9821376800537109
152,3882,0.8601536154747009,0.9742027521133423
154,3914,0.9898194670677185,0.8123409748077393
154,3915,0.04380261152982712,0.6802359223365784
154,3916,0.37548089027404785,1.0336346626281738
154,3917,-0.9328838586807251,0.9068417549133301
154,3918,0.7750933766365051,1.397979974746704
154,3919,-0.7047299742698669,0.9354549646377563
154,3920,0.2756810188293457,0.9203989505767822
154,3921,0.29942941665649414,0.6069038510322571
154,3922,2.161011219024658,0.6889602541923523
154,3923,-0.7405266761779785,0.7389159202575684
154,3924,1.0590999126434326,1.5225119590759277
154,3925,1.1926305294036865,1.4770352840423584
154,3926,0.20551319420337677,1.5014944076538086
154,3927,0.5621814131736755,1.3846821784973145
154,3928,-0.12433899194002151,0.617324948310852
154,3929,-0.45426803827285767,0.7980996370315552
154,3930,-1.0984066724777222,0.9903103113174438
154,3931,0.2958384156227112,0.794562578201294
154,3932,-0.9542377591133118,1.2672204971313477
154,3933,0.3949120044708252,1.3602691888809204
154,3934,0.48642921447753906,1.197904348373413
154,3935,-1.0145398378372192,0.4660740792751312
154,3936,1.0964741706848145,1.184505820274353
154,3937,0.7883202433586121,0.8418375253677368
155,3950,-0.7452741265296936,0.7443996667861938
155,3951,0.26375091075897217,0.5248873829841614
155,3952,-0.8747218251228333,1.102221131324768
155,3953,0.3378691077232361,0.8590091466903687
155,3954,-0.36612623929977417,0.25761234760284424
155,3955,-1.100839614868164,0.4600534439086914
155,3956,-0.2530265152454376,1.228117823600769
155,3957,-0.6512994766235352,0.5428155064582825
155,3958,0.06431100517511368,0.34760749340057373
155,3959,-0.7824105024337769,0.6280122995376587
155,3960,-0.2411995679140091,0.780692458152771
155,3961,-0.61619633436203,1.2583765983581543
156,3962,0.7417693734169006,0.9517627954483032
156,3963,-0.9672259092330933,0.7985124588012695
156,3964,1.088639497756958,0.510361909866333
156,3965,-0.42401546239852905,0.5820232629776001
156,3966,0.272668719291687,1.0007262229919434
156,3967,-0.8424695134162903,0.8221766352653503
156,3968,1.3708946704864502,0.7291468381881714
156,3969,0.4601587653160095,0.737483024597168
156,3970,0.891848087310791,0.5364793539047241
156,3971,0.6009129881858826,0.113482266664505
156,3972,1.019320011138916,0.48761746287345886
156,3973,1.3152778148651123,0.32033124566078186
156,3974,0.5578064918518066,0.3707308769226074
156,3975,-0.4677882194519043,0.4547194242477417
156,3976,0.23307834565639496,0.403070867061615
156,3977,-0.9638025760650635,0.6160346865653992
156,3978,0.021069884300231934,0.6918393969535828
156,3979,0.24364887177944183,0.5963256359100342
156,3980,-0.5291333794593811,0.8328076004981995
156,3981,-0.4578617811203003,0.7222267389297485
156,3982,-0.022609088569879532,0.36475226283073425
156,3983,-0.024438340216875076,1.443854808807373
156,3984,0.3639848232269287,1.764255166053772
156,3985,1.286399006843567,1.6169157028198242
156,3986,-0.41892892122268677,0.8581609129905701
156,3987,0.9029436707496643,1.185868263244629
156,3996,-0.28557127714157104,0.8705067038536072
156,3997,1.6123006343841553,0.5540138483047485
156,3998,2.072826862335205,0.9757285118103027
157,3999,-1.0075997114181519,0.566071629524231
157,4000,-0.64842689037323,0.7605065107345581
157,4001,-1.6252886056900024,0.6690509915351868
157,4002,0.968184769153595,1.4435861110687256
157,4003,-0.3483409881591797,0.9528612494468689
157,4004,1.3459234237670898,1.5901210308074951
157,4005,1.153135895729065,1.5081605911254883
157,4006,0.9060160517692566,0.4179859757423401
157,4007,1.322845220565796,1.0658416748046875
157,4008,1.1767873764038086,1.4292292594909668
157,4009,-0.6391558051109314,0.8765694499015808
157,4010,0.47679227590560913,0.9139316082000732
157,4011,0.5213472843170166,1.0681343078613281
157,4012,0.018163837492465973,0.9562956094741821
157,4013,-0.15950094163417816,0.9177665114402771
157,4014,1.8696712255477905,1.533431053161621
157,4015,0.30933743715286255,0.8736773729324341
157,4017,1.706680178642273,1.3712289333343506
157,4018,-1.2455620765686035,0.26514163613319397
157,4019,-0.7282770276069641,0.8120044469833374
157,4020,0.6007229685783386,0.49479976296424866
157,4021,1.363915205001831,1.392727017402649
157,4022,2.0342257022857666,1.5423376560211182
159,4062,0.34722453355789185,1.168674111366272
159,4063,-0.3382951021194458,0.7622489929199219
159,4064,-1.2390320301055908,0.5380380153656006
159,4065,-1.5868847370147705,0.26251405477523804
159,4066,-2.033876419067383,0.31218889355659485
159,4067,-0.9896303415298462,0.7395728826522827
159,4068,-1.6901288032531738,1.1213970184326172
159,4069,-0.6895110011100769,0.8636034727096558
159,4070,-0.2959134578704834,0.5566063523292542
159,4071,-0.7919226884841919,0.701817512512207
159,4072,-0.5503841042518616,1.0594398975372314
159,4073,-0.9453854560852051,1.3803555965423584
159,4074,-0.6794154047966003,1.2545162439346313
159,4075,-1.4183067083358765,0.8606460094451904
159,4076,-1.1055512428283691,0.903388261795044
159,4078,0.13348893821239471,1.2134431600570679
160,4079,0.5728310942649841,1.1783208847045898
160,4080,-0.01700764149427414,0.9995851516723633
160,4081,1.0150564908981323,0.8917493224143982
160,4082,1.3783552646636963,0.5387140512466431
160,4083,0.29772865772247314,1.4107372760772705
160,4084,0.9441284537315369,1.2677468061447144
160,4085,2.138838768005371,0.8309897780418396
160,4086,1.4578604698181152,1.472823143005371
160,4087,1.5696673393249512,1.2399992942810059
160,4088,1.3113361597061157,1.0489710569381714
160,4089,1.8016895055770874,1.122908592224121
160,4090,0.9740481376647949,0.8948178291320801
160,4091,-0.154410257935524,0.5795393586158752
160,4092,0.9572077989578247,1.5446661710739136
160,4093,0.5231418609619141,1.5819547176361084
160,4094,1.3321247100830078,1.4856672286987305
160,4095,0.9964317679405212,1.3070404529571533
160,4096,0.9819963574409485,0.9328765869140625
160,4097,1.572570562362671,0.8777715563774109
164,4196,-0.8236576318740845,0.051090944558382034
164,4197,-0.04614274203777313,0.31202954053878784
164,4198,-0.26026779413223267,0.29634401202201843
164,4199,0.37156128883361816,0.24169525504112244
164,4200,0.3700382113456726,0.2702198326587677
164,4201,0.9419987797737122,0.7229863405227661
164,4202,1.177372694015503,0.9680912494659424
164,4203,1.441573977470398,1.2398368120193481
164,4204,-0.1863557994365692,0.6840227842330933
165,4205,0.4180430769920349,0.8519992828369141
165,4206,1.281266450881958,1.0428473949432373
165,4207,1.7364740371704102,0.7603312134742737
165,4208,0.14936146140098572,0.7393202781677246
165,4209,1.5527112483978271,1.3504582643508911
165,4210,1.2195079326629639,1.533672571182251
165,4211,1.674271583557129,1.6319937705993652
165,4212,1.5303902626037598,1.5379716157913208
165,4213,1.851984977722168,2.2642600536346436
165,4214,0.7397034764289856,1.8691922426223755
165,4215,1.8873095512390137,1.8814470767974854
165,4216,1.103867769241333,1.5529558658599854
165,4217,0.568920910358429,1.6619741916656494
165,4218,0.9391878843307495,1.304398775100708
165,4219,0.8344250917434692,1.4899537563323975
165,4220,0.9620435833930969,0.8635209798812866
165,4221,1.1296336650848389,1.0131016969680786
165,4222,1.6657462120056152,0.9499435424804688
165,4223,0.8915221095085144,0.8086996674537659
165,4224,0.21674905717372894,0.7462570667266846
165,4225,0.050952330231666565,0.20929652452468872
168,4270,1.4775190353393555,0.7127560377120972
168,4271,1.6568177938461304,0.8853075504302979
168,4272,2.0942885875701904,1.1624844074249268
168,4273,2.0768868923187256,0.7555896043777466
168,4274,1.6785016059875488,0.09710781276226044
168,4275,2.4664230346679688,0.5062063932418823
168,4276,2.863711357116699,0.44354453682899475
168,4277,2.5210816860198975,0.523274302482605
168,4278,2.554497480392456,0.4650892913341522
168,4279,1.8942533731460571,0.5339945554733276
168,4280,2.04494309425354,0.6389739513397217
168,4281,2.218731164932251,0.602026104927063
168,4282,1.7901198863983154,0.43065449595451355
168,4283,1.6564180850982666,-0.17002981901168823
168,4284,1.6710232496261597,0.30531010031700134
168,4285,1.8264093399047852,-0.10671180486679077
169,716,0.169242262840271,0.7575688362121582
169,717,-2.159653902053833,0.1566394716501236
169,718,-0.5492702722549438,0.583255410194397
169,719,-1.6445305347442627,0.8166073560714722
169,720,-0.8638771772384644,0.7692760229110718
169,721,-1.3428871631622314,0.5616413354873657
169,722,-1.476423740386963,0.7790504097938538
169,726,-1.2207727432250977,1.519005298614502
169,727,-2.039480447769165,1.217663288116455
169,728,-1.3683111667633057,1.4310731887817383
169,729,-1.9924511909484863,1.1903455257415771
169,730,0.3097323179244995,0.9288966655731201
169,731,-0.5557189583778381,1.199074625968933
169,732,-0.2314823716878891,0.8528303503990173
169,733,0.9119799137115479,0.8066791892051697
169,734,-0.7397996187210083,0.8229066133499146
169,735,-2.3944008350372314,0.682772159576416
169,736,-0.42747771739959717,1.3130165338516235
169,737,-2.210869550704956,0.5292394161224365
169,738,0.14598198235034943,1.1097102165222168
169,739,-1.8616478443145752,0.24166736006736755
169,740,-1.3425798416137695,0.5633803009986877
169,741,0.05467929691076279,0.573265790939331
169,742,0.4564361572265625,0.25045377016067505
169,743,-1.6159693002700806,0.06374719738960266
169,744,-0.8643419146537781,0.41249755024909973
169,745,-2.20300030708313,0.14279383420944214
169,746,-1.4164345264434814,0.16710609197616577
169,747,0.5359542965888977,0.6598348021507263
169,748,1.1486892700195312,0.795576810836792
169,749,0.32423514127731323,0.843274712562561
169,750,0.4225432276725769,1.1652823686599731
169,751,1.6744112968444824,1.231656551361084
169,752,-0.5365626811981201,0.6487550139427185
169,753,-0.5645163059234619,0.8262446522712708
169,754,-1.0303330421447754,0.8504118323326111
169,755,-0.11538885533809662,0.8341985940933228
169,756,-1.324432373046875,0.24783927202224731
170,4343,-0.43116164207458496,0.606522798538208
170,4344,0.4704359173774719,1.2392828464508057
170,4345,-0.3837624788284302,0.5171014666557312
170,4346,-1.4061527252197266,0.5763865113258362
170,4347,0.14942292869091034,0.852099597454071
170,4348,-1.8442575931549072,0.14780312776565552
170,4349,-1.3991053104400635,0.8955888152122498
170,4350,-0.17316333949565887,1.2423629760742188
170,4351,-0.19678480923175812,0.9694838523864746
170,4352,-0.43891072273254395,1.5014041662216187
170,4353,0.15960384905338287,1.3475675582885742
170,4354,0.2383008450269699,1.3328068256378174
170,4355,0.8800212740898132,1.7463608980178833
170,4356,-0.9134919047355652,1.5161229372024536
170,4357,-0.36951690912246704,1.0266392230987549
170,4358,0.5274189710617065,1.1704623699188232
171,4380,0.4108038544654846,1.2922630310058594
171,4381,-0.05839487910270691,0.7878292798995972
171,4382,0.21939030289649963,0.9016373753547668
171,4383,-0.32251399755477905,1.0229287147521973
171,4384,-1.4966824054718018,0.5639210939407349
171,4385,1.0179388523101807,0.6808598041534424
171,4386,0.6158937811851501,0.6953724026679993
171,4387,1.210667610168457,0.4410611391067505
171,4388,-1.2014909982681274,-0.0830082893371582
171,4389,0.012182071805000305,0.4302392303943634
171,4390,0.5796517729759216,0.422740638256073
171,4391,0.4534299969673157,0.39703842997550964
171,4392,0.19112610816955566,0.8390520811080933
171,4393,-1.5792582035064697,0.6664447784423828
171,4394,-0.737304151058197,1.2815138101577759
171,4395,0.2655791640281677,1.6885960102081299
171,4396,-0.6449319124221802,1.3040380477905273
171,4397,1.457594871520996,1.820576786994934
171,4398,-0.3521258234977722,1.1613235473632812
171,4399,1.3836884498596191,1.4344091415405273
171,4400,0.9713408350944519,0.4460308253765106
175,4476,-1.1681630611419678,1.3609399795532227
175,4477,-0.6313802599906921,1.0996733903884888
175,4478,0.1287069171667099,0.8037706017494202
175,4479,1.0851045846939087,0.932153046131134
175,4480,0.168221116065979,0.6462036967277527
175,4481,-0.45057928562164307,0.7468416690826416
175,4482,-1.0099564790725708,0.3123904764652252
175,4483,-1.1615546941757202,0.7098056077957153
175,4484,0.38034719228744507,0.9298588633537292
175,4485,-0.10976658761501312,1.3278251886367798
175,4486,0.18414369225502014,1.328331470489502
175,4487,0.49710261821746826,1.447876214981079
175,4488,-0.6799479126930237,1.6334152221679688
175,4489,-1.1163333654403687,1.2201511859893799
175,4490,-0.4463842511177063,1.3745938539505005
175,4491,-0.5284082889556885,0.9127064943313599
175,4492,0.24398230016231537,1.3804165124893188
175,4493,0.5800425410270691,0.6564898490905762
175,4494,0.3821864724159241,1.2579759359359741
175,4495,0.1382942944765091,1.095532774925232
177,4502,0.6182915568351746,0.7413281202316284
177,4503,1.5281364917755127,0.4633495509624481
177,4504,1.2717525959014893,0.1432475447654724
177,4505,1.3381644487380981,0.36233487725257874
177,4506,0.7280488610267639,1.2205294370651245
177,4507,1.0978909730911255,1.0996631383895874
177,4508,0.9456165432929993,1.7850728034973145
177,4509,0.8316776156425476,1.636181354522705
177,4510,1.522819995880127,1.1170907020568848
177,4511,1.192210078239441,0.5937703251838684
177,4512,1.1398372650146484,0.33699625730514526
181,4612,1.0581270456314087,1.0557873249053955
181,4613,0.5379307866096497,0.6609504818916321
181,4614,-0.0763765349984169,0.46965083479881287
181,4615,-0.2848144769668579,0.7026205062866211
181,4616,0.614833414554596,0.8952693939208984
181,4617,-1.0336750745773315,0.6646071672439575
181,4618,0.3396250605583191,0.5929834246635437
181,4619,0.5516170859336853,0.8819345831871033
181,4620,-0.6911274194717407,0.5764573812484741
181,4621,-0.3899269700050354,0.46523934602737427
181,4622,-0.3916729688644409,0.41325461864471436
181,4623,-0.4499409794807434,0.47318872809410095
181,4624,-0.09390386193990707,0.7231156826019287
181,4625,-0.4231528043746948,0.5738123059272766
181,4626,-0.9954416751861572,0.3928088843822479
181,4627,0.5116487145423889,1.425201654434204
181,4628,-0.44527167081832886,0.625646710395813
181,4629,-0.0035395547747612,0.5378258228302002
181,4631,-1.2219542264938354,0.2151821255683899
181,4632,0.11817076802253723,0.5167553424835205
181,4633,-0.860856294631958,0.39672455191612244
181,4634,-1.3506910800933838,0.6157541871070862
181,4635,-0.5094426870346069,0.9991146326065063
181,4636,0.05027027428150177,0.9745818376541138
181,4637,0.06900990009307861,0.7944607734680176
181,4638,0.5474879741668701,0.9061760902404785
181,4639,-0.5119573473930359,0.6963896155357361
181,4640,-1.0745062828063965,0.7176702618598938
